timestamp,tag_id,name,category
2025-08-11 00:38:34,E2180119A350066551F1460,chacott,パウダー
2025-08-11 00:38:34,E2180119A350066551ECEF6,キャンメイク10,アイシャドウ
2025-08-11 00:38:34,E2180119A350066551E8AE6,ヒロインメイク,アイライン
2025-08-11 00:38:34,E2180119A350066551EEF6,メディア黒,アイライン
2025-08-11 00:38:34,E2180119A350066551EDEF6,ヒロインメイク（マ・茶）,マスカラ
2025-08-11 00:38:34,E2180119A350066551F146,&ndBE02,ファンデーション
2025-08-11 00:38:34,E2180119A350066551E8AF6,キャンメイククリア,マスカラ
2025-08-11 00:38:34,E2180119A350066551EEF16,rom&nd03,リップ
2025-08-11 00:38:44,E2180119A350066551F1460,chacott,
2025-08-11 00:38:47,E2180119A350066551ECEF6,キャンメイク10,
2025-08-11 00:38:48,E2180119A350066551EEF6,メディア黒,
2025-08-11 00:38:50,E2180119A350066551EEF6,メディア黒,
2025-08-11 00:38:51,E2180119A350066551ECEF6,キャンメイク10,
2025-08-11 00:38:52,E2180119A350066551EEF6,メディア黒,
2025-08-11 00:38:52,E2180119A350066551ECEF6,キャンメイク10,
2025-08-11 00:38:53,E2180119A350066551F1460,chacott,
2025-08-11 00:38:53,E2180119A350066551EEF6,メディア黒,
2025-08-11 00:38:55,E2180119A350066551ECEF6,キャンメイク10,
2025-08-11 00:38:57,E2180119A350066551EEF6,メディア黒,
2025-08-11 00:38:59,E2180119A350066551EEF6,メディア黒,
2025-08-11 00:38:59,E2180119A350066551F1460,chacott,
2025-08-11 00:39:00,E2180119A350066551F1460,chacott,
2025-08-11 00:39:01,E2180119A350066551F1460,chacott,
2025-08-11 00:39:02,E2180119A350066551EDEF6,ヒロインメイク（マ・茶）,
2025-08-11 00:39:02,E2180119A350066551E8AF6,キャンメイククリア,
2025-08-11 00:39:03,E2180119A350066551EDEF6,ヒロインメイク（マ・茶）,
2025-08-11 00:39:04,E2180119A350066551EEF6,メディア黒,
2025-08-11 00:39:05,E2180119A350066551E8AF6,キャンメイククリア,
2025-08-11 00:39:07,E2180119A350066551EEF6,メディア黒,
2025-08-11 00:39:07,E2180119A350066551ECEF6,キャンメイク10,
2025-08-11 00:39:07,E2180119A350066551EDEF6,ヒロインメイク（マ・茶）,
2025-08-11 00:39:09,E2180119A350066551EEF6,メディア黒,
2025-08-11 00:39:10,E2180119A350066551EDEF6,ヒロインメイク（マ・茶）,
2025-08-11 00:39:10,E2180119A350066551F1460,chacott,
2025-08-11 00:39:11,E2180119A350066551EEF6,メディア黒,
2025-08-11 00:39:12,E2180119A350066551F1460,chacott,
2025-08-11 00:39:15,E2180119A350066551E8AF6,キャンメイククリア,
2025-08-11 00:39:15,E2180119A350066551EEF6,メディア黒,
2025-08-11 00:39:21,E2180119A350066551F1460,chacott,
2025-08-11 00:39:24,E2180119A350066551E8AF6,キャンメイククリア,
2025-08-11 00:39:25,E2180119A350066551ECEF6,キャンメイク10,
2025-08-11 00:39:26,E2180119A350066551E8AF6,キャンメイククリア,
