2025-06-05 03:37:16,E2180119A350066551ECEF6
2025-06-05 03:37:16,E2180119A350066551E8AE6
2025-06-05 03:37:16,1234567890123456789012
2025-06-05 03:37:16,E2180119A350066551EEF6
2025-06-05 03:37:16,E2180119A350066551F1460
2025-06-05 03:37:36,E2180119A350066551ECEF6
2025-06-05 03:37:36,E2180119A350066551E8AE6
2025-06-05 03:37:36,1234567890123456789012
2025-06-05 03:37:36,E2180119A350066551EEF6
2025-06-05 03:37:36,E2180119A350066551F1460
2025-06-05 03:37:56,E2180119A350066551ECEF6
2025-06-05 03:37:56,E2180119A350066551E8AE6
2025-06-05 03:37:56,1234567890123456789012
2025-06-05 03:37:56,E2180119A350066551EEF6
2025-06-05 03:37:56,E2180119A350066551F1460
2025-06-05 03:38:16,E2180119A350066551ECEF6
2025-06-05 03:38:16,E2180119A350066551E8AE6
2025-06-05 03:38:16,1234567890123456789012
2025-06-05 03:38:16,E2180119A350066551EEF6
2025-06-05 03:38:16,E2180119A350066551F1460
2025-06-05 03:38:36,E2180119A350066551ECEF6
2025-06-05 03:38:36,E2180119A350066551E8AE6
2025-06-05 03:38:36,1234567890123456789012
2025-06-05 03:38:36,E2180119A350066551EEF6
2025-06-05 03:38:36,E2180119A350066551F1460
2025-06-05 05:18:24,E2180119A350066551F1460
2025-06-05 05:18:24,E2180119A350066551ECEF6
2025-06-05 05:18:24,E2180119A350066551E8AE6
2025-06-05 05:18:24,E2180119A350066551EEF6
2025-06-05 05:18:24,1234567890123456789012
2025-06-05 05:18:44,E2180119A350066551F1460
2025-06-05 05:18:44,E2180119A350066551ECEF6
2025-06-05 05:18:44,E2180119A350066551E8AE6
2025-06-05 05:18:44,E2180119A350066551EEF6
2025-06-05 05:18:44,1234567890123456789012
2025-06-05 05:19:04,E2180119A350066551F1460
2025-06-05 05:19:04,E2180119A350066551ECEF6
2025-06-05 05:19:04,E2180119A350066551E8AE6
2025-06-05 05:19:04,E2180119A350066551EEF6
2025-06-05 05:19:04,1234567890123456789012
2025-06-05 05:19:24,E2180119A350066551F1460
2025-06-05 05:19:24,E2180119A350066551ECEF6
2025-06-05 05:19:24,E2180119A350066551E8AE6
2025-06-05 05:19:24,E2180119A350066551EEF6
2025-06-05 05:19:24,1234567890123456789012
2025-06-05 05:19:44,E2180119A350066551F1460
2025-06-05 05:19:44,E2180119A350066551ECEF6
2025-06-05 05:19:44,E2180119A350066551E8AE6
2025-06-05 05:19:44,E2180119A350066551EEF6
2025-06-05 05:19:44,1234567890123456789012
2025-06-05 06:09:14,E2180119A350066551EEF6
2025-06-05 06:09:14,E2180119A350066551E8AE6
2025-06-05 06:09:14,1234567890123456789012
2025-06-05 06:09:14,E2180119A350066551F1460
2025-06-05 06:17:49,1234567890123456789012
2025-06-05 06:17:49,E2180119A350066551E8AE6
2025-06-05 06:17:49,E2180119A350066551ECEF6
2025-06-05 06:17:51,1234567890123456789012
2025-06-05 06:17:51,E2180119A350066551E8AE6
2025-06-05 06:17:51,E2180119A350066551ECEF6
2025-06-05 06:17:53,1234567890123456789012
2025-06-05 06:17:53,E2180119A350066551E8AE6
2025-06-05 06:17:53,E2180119A350066551ECEF6
2025-06-05 06:23:55,E2180119A350066551EEF6
2025-06-05 06:23:55,1234567890123456789012
2025-06-05 06:23:55,E2180119A350066551ECEF6
2025-06-05 06:23:55,E2180119A350066551F1460
2025-06-05 06:23:55,E2180119A350066551E8AE6
2025-06-05 06:26:56,E2180119A350066551EEF6
2025-06-05 06:26:56,1234567890123456789012
2025-06-05 06:26:56,E2180119A350066551ECEF6
2025-06-05 06:26:56,E2180119A350066551F1460
2025-06-05 06:26:56,E2180119A350066551E8AE6
2025-06-05 06:27:33,E2180119A350066551EEF6
2025-06-05 06:27:33,1234567890123456789012
2025-06-05 06:27:33,E2180119A350066551ECEF6
2025-06-05 06:27:33,E2180119A350066551F1460
2025-06-05 06:27:33,E2180119A350066551E8AE6
