2025-06-05 03:32:33,メディア黒
2025-06-05 03:32:33,テスト
2025-06-05 03:32:33,chacott
2025-06-05 03:32:33,ヒロインメイク
2025-06-05 03:32:33,キャンメイク10
2025-06-05 03:37:16,キャンメイク10
2025-06-05 03:37:16,ヒロインメイク
2025-06-05 03:37:16,テスト
2025-06-05 03:37:16,メディア黒
2025-06-05 03:37:16,chacott
2025-06-05 03:37:36,キャンメイク10
2025-06-05 03:37:36,ヒロインメイク
2025-06-05 03:37:36,テスト
2025-06-05 03:37:36,メディア黒
2025-06-05 03:37:36,chacott
2025-06-05 03:37:56,キャンメイク10
2025-06-05 03:37:56,ヒロインメイク
2025-06-05 03:37:56,テスト
2025-06-05 03:37:56,メディア黒
2025-06-05 03:37:56,chacott
2025-06-05 03:38:16,キャンメイク10
2025-06-05 03:38:16,ヒロインメイク
2025-06-05 03:38:16,テスト
2025-06-05 03:38:16,メディア黒
2025-06-05 03:38:16,chacott
2025-06-05 03:38:36,キャンメイク10
2025-06-05 03:38:36,ヒロインメイク
2025-06-05 03:38:36,テスト
2025-06-05 03:38:36,メディア黒
2025-06-05 03:38:36,chacott
2025-06-05 05:18:24,chacott
2025-06-05 05:18:24,キャンメイク10
2025-06-05 05:18:24,ヒロインメイク
2025-06-05 05:18:24,メディア黒
2025-06-05 05:18:24,テスト
2025-06-05 05:18:44,chacott
2025-06-05 05:18:44,キャンメイク10
2025-06-05 05:18:44,ヒロインメイク
2025-06-05 05:18:44,メディア黒
2025-06-05 05:18:44,テスト
2025-06-05 05:19:04,chacott
2025-06-05 05:19:04,キャンメイク10
2025-06-05 05:19:04,ヒロインメイク
2025-06-05 05:19:04,メディア黒
2025-06-05 05:19:04,テスト
2025-06-05 05:19:24,chacott
2025-06-05 05:19:24,キャンメイク10
2025-06-05 05:19:24,ヒロインメイク
2025-06-05 05:19:24,メディア黒
2025-06-05 05:19:24,テスト
2025-06-05 05:19:44,chacott
2025-06-05 05:19:44,キャンメイク10
2025-06-05 05:19:44,ヒロインメイク
2025-06-05 05:19:44,メディア黒
2025-06-05 05:19:44,テスト
2025-06-05 06:09:14,メディア黒
2025-06-05 06:09:14,ヒロインメイク
2025-06-05 06:09:14,テスト
2025-06-05 06:09:14,chacott
2025-06-05 06:23:55,メディア黒
2025-06-05 06:23:55,テスト
2025-06-05 06:23:55,キャンメイク10
2025-06-05 06:23:55,chacott
2025-06-05 06:23:55,ヒロインメイク
2025-06-05 06:26:56,メディア黒
2025-06-05 06:26:56,テスト
2025-06-05 06:26:56,キャンメイク10
2025-06-05 06:26:56,chacott
2025-06-05 06:26:56,ヒロインメイク
2025-06-05 06:27:33,メディア黒
2025-06-05 06:27:33,テスト
2025-06-05 06:27:33,キャンメイク10
2025-06-05 06:27:33,chacott
2025-06-05 06:27:33,ヒロインメイク
2025-06-05 06:28:02,chacott
2025-06-05 06:28:02,キャンメイク10
2025-06-05 06:28:02,ヒロインメイク
2025-06-05 06:28:02,メディア黒
2025-06-05 06:28:02,テスト
2025-06-05 06:36:49,chacott
2025-06-05 06:36:49,キャンメイク10
2025-06-05 06:36:49,ヒロインメイク
2025-06-05 06:36:49,メディア黒
2025-06-05 06:36:49,テスト
2025-06-05 06:46:23,chacott
2025-06-05 06:46:23,キャンメイク10
2025-06-05 06:46:23,ヒロインメイク
2025-06-05 06:53:05,chacott›
2025-06-05 06:53:05,キャンメイク10
2025-06-05 06:53:05,ヒロインメイク
2025-06-05 06:53:05,メディア黒
2025-06-05 06:53:05,テスト
2025-06-05 07:00:06,chacott
2025-06-05 07:00:06,キャンメイク10
2025-06-05 07:00:06,ヒロインメイク
2025-06-05 07:00:06,テスト
2025-06-12 01:58:36,chacott
2025-06-12 01:58:36,キャンメイク10
2025-06-12 01:58:36,ヒロインメイク
2025-06-12 01:58:36,メディア黒
2025-06-12 01:58:36,テスト
2025-06-12 01:58:36,ヒロインメイク（マ・茶）
2025-06-12 01:58:36,&ndBE02
2025-06-12 01:58:36,キャンメイククリア
2025-06-12 01:58:36,rom&nd03
