timestamp,name
2025-06-12 05:06:33,chacott
2025-06-12 05:06:33,ヒロインメイク
2025-06-12 05:06:33,テスト
2025-06-12 05:06:33,ヒロインメイク（マ・茶）
2025-06-12 05:06:34,chacott
2025-06-12 05:06:34,ヒロインメイク
2025-06-12 05:06:34,テスト
2025-06-12 05:06:34,ヒロインメイク（マ・茶）
2025-06-12 05:06:34,chacott
2025-06-12 05:06:34,ヒロインメイク
2025-06-12 05:06:34,テスト
2025-06-12 05:06:34,ヒロインメイク（マ・茶）
2025-06-12 05:06:35,chacott
2025-06-12 05:06:35,ヒロインメイク
2025-06-12 05:06:35,テスト
2025-06-12 05:06:35,ヒロインメイク（マ・茶）
2025-06-12 05:06:35,chacott
2025-06-12 05:06:35,ヒロインメイク
2025-06-12 05:06:35,テスト
2025-06-12 05:06:35,ヒロインメイク（マ・茶）
2025-06-12 05:06:36,chacott
2025-06-12 05:06:36,ヒロインメイク
2025-06-12 05:06:36,テスト
2025-06-12 05:06:36,ヒロインメイク（マ・茶）
2025-06-12 05:06:36,chacott
2025-06-12 05:06:36,ヒロインメイク
2025-06-12 05:06:36,テスト
2025-06-12 05:06:36,ヒロインメイク（マ・茶）
2025-06-12 05:06:36,chacott
2025-06-12 05:06:36,ヒロインメイク
2025-06-12 05:06:36,テスト
2025-06-12 05:06:36,ヒロインメイク（マ・茶）
2025-06-12 05:06:37,chacott
2025-06-12 05:06:37,ヒロインメイク
2025-06-12 05:06:37,テスト
2025-06-12 05:06:37,ヒロインメイク（マ・茶）
2025-06-12 05:06:37,chacott
2025-06-12 05:06:37,ヒロインメイク
2025-06-12 05:06:37,テスト
2025-06-12 05:06:37,ヒロインメイク（マ・茶）
2025-06-12 05:06:38,chacott
2025-06-12 05:06:38,ヒロインメイク
2025-06-12 05:06:38,テスト
2025-06-12 05:06:38,ヒロインメイク（マ・茶）
2025-06-12 05:06:38,chacott
2025-06-12 05:06:38,ヒロインメイク
2025-06-12 05:06:38,テスト
2025-06-12 05:06:38,ヒロインメイク（マ・茶）
2025-06-12 05:06:38,chacott
2025-06-12 05:06:38,ヒロインメイク
2025-06-12 05:06:38,テスト
2025-06-12 05:06:38,ヒロインメイク（マ・茶）
2025-06-12 05:06:39,chacott
2025-06-12 05:06:39,ヒロインメイク
2025-06-12 05:06:39,テスト
2025-06-12 05:06:39,ヒロインメイク（マ・茶）
2025-06-12 05:06:39,chacott
2025-06-12 05:06:39,ヒロインメイク
2025-06-12 05:06:39,テスト
2025-06-12 05:06:39,ヒロインメイク（マ・茶）
2025-06-12 05:06:40,chacott
2025-06-12 05:06:40,ヒロインメイク
2025-06-12 05:06:40,テスト
2025-06-12 05:06:40,ヒロインメイク（マ・茶）
2025-06-12 05:06:40,chacott
2025-06-12 05:06:40,ヒロインメイク
2025-06-12 05:06:40,テスト
2025-06-12 05:06:40,ヒロインメイク（マ・茶）
2025-06-12 05:06:41,chacott
2025-06-12 05:06:41,ヒロインメイク
2025-06-12 05:06:41,テスト
2025-06-12 05:06:41,ヒロインメイク（マ・茶）
2025-06-12 05:06:42,chacott
2025-06-12 05:06:42,ヒロインメイク
2025-06-12 05:06:42,テスト
2025-06-12 05:06:42,ヒロインメイク（マ・茶）
2025-06-12 05:06:42,chacott
2025-06-12 05:06:42,ヒロインメイク
2025-06-12 05:06:42,テスト
2025-06-12 05:06:42,ヒロインメイク（マ・茶）
2025-06-12 05:06:42,chacott
2025-06-12 05:06:42,ヒロインメイク
2025-06-12 05:06:42,テスト
2025-06-12 05:06:42,ヒロインメイク（マ・茶）
2025-06-12 05:06:43,chacott
2025-06-12 05:06:43,ヒロインメイク
2025-06-12 05:06:43,テスト
2025-06-12 05:06:43,ヒロインメイク（マ・茶）
2025-06-12 05:06:43,chacott
2025-06-12 05:06:43,ヒロインメイク
2025-06-12 05:06:43,テスト
2025-06-12 05:06:43,ヒロインメイク（マ・茶）
2025-06-12 05:06:43,chacott
2025-06-12 05:06:43,ヒロインメイク
2025-06-12 05:06:43,テスト
2025-06-12 05:06:43,ヒロインメイク（マ・茶）
2025-06-12 05:06:44,chacott
2025-06-12 05:06:44,ヒロインメイク
2025-06-12 05:06:44,テスト
2025-06-12 05:06:44,ヒロインメイク（マ・茶）
2025-06-12 05:06:44,chacott
2025-06-12 05:06:44,ヒロインメイク
2025-06-12 05:06:44,メディア黒
2025-06-12 05:06:44,テスト
2025-06-12 05:06:44,ヒロインメイク（マ・茶）
2025-06-12 05:06:45,chacott
2025-06-12 05:06:45,ヒロインメイク
2025-06-12 05:06:45,メディア黒
2025-06-12 05:06:45,テスト
2025-06-12 05:06:45,ヒロインメイク（マ・茶）
2025-06-12 05:06:45,キャンメイククリア
2025-06-12 05:06:45,chacott
2025-06-12 05:06:45,ヒロインメイク
2025-06-12 05:06:45,メディア黒
2025-06-12 05:06:45,テスト
2025-06-12 05:06:45,ヒロインメイク（マ・茶）
2025-06-12 05:06:45,キャンメイククリア
2025-06-12 05:06:45,chacott
2025-06-12 05:06:45,ヒロインメイク
2025-06-12 05:06:45,メディア黒
2025-06-12 05:06:45,テスト
2025-06-12 05:06:45,ヒロインメイク（マ・茶）
2025-06-12 05:06:45,キャンメイククリア
2025-06-12 05:06:46,chacott
2025-06-12 05:06:46,ヒロインメイク
2025-06-12 05:06:46,メディア黒
2025-06-12 05:06:46,テスト
2025-06-12 05:06:46,ヒロインメイク（マ・茶）
2025-06-12 05:06:46,キャンメイククリア
2025-06-12 05:06:46,chacott
2025-06-12 05:06:46,ヒロインメイク
2025-06-12 05:06:46,メディア黒
2025-06-12 05:06:46,テスト
2025-06-12 05:06:46,ヒロインメイク（マ・茶）
2025-06-12 05:06:46,キャンメイククリア
2025-06-12 05:06:47,chacott
2025-06-12 05:06:47,ヒロインメイク
2025-06-12 05:06:47,メディア黒
2025-06-12 05:06:47,テスト
2025-06-12 05:06:47,ヒロインメイク（マ・茶）
2025-06-12 05:06:47,キャンメイククリア
2025-06-12 05:06:47,chacott
2025-06-12 05:06:47,ヒロインメイク
2025-06-12 05:06:47,メディア黒
2025-06-12 05:06:47,テスト
2025-06-12 05:06:47,ヒロインメイク（マ・茶）
2025-06-12 05:06:47,キャンメイククリア
2025-06-12 05:06:48,chacott
2025-06-12 05:06:48,ヒロインメイク
2025-06-12 05:06:48,メディア黒
2025-06-12 05:06:48,テスト
2025-06-12 05:06:48,ヒロインメイク（マ・茶）
2025-06-12 05:06:48,キャンメイククリア
2025-06-12 05:06:48,chacott
2025-06-12 05:06:48,ヒロインメイク
2025-06-12 05:06:48,メディア黒
2025-06-12 05:06:48,テスト
2025-06-12 05:06:48,ヒロインメイク（マ・茶）
2025-06-12 05:06:48,キャンメイククリア
2025-06-12 05:06:49,chacott
2025-06-12 05:06:49,ヒロインメイク
2025-06-12 05:06:49,メディア黒
2025-06-12 05:06:49,テスト
2025-06-12 05:06:49,ヒロインメイク（マ・茶）
2025-06-12 05:06:49,キャンメイククリア
2025-06-12 05:06:50,chacott
2025-06-12 05:06:50,ヒロインメイク
2025-06-12 05:06:50,メディア黒
2025-06-12 05:06:50,テスト
2025-06-12 05:06:50,ヒロインメイク（マ・茶）
2025-06-12 05:06:50,キャンメイククリア
2025-06-12 05:06:50,chacott
2025-06-12 05:06:50,ヒロインメイク
2025-06-12 05:06:50,メディア黒
2025-06-12 05:06:50,テスト
2025-06-12 05:06:50,ヒロインメイク（マ・茶）
2025-06-12 05:06:50,キャンメイククリア
2025-06-12 05:06:51,chacott
2025-06-12 05:06:51,ヒロインメイク
2025-06-12 05:06:51,メディア黒
2025-06-12 05:06:51,テスト
2025-06-12 05:06:51,ヒロインメイク（マ・茶）
2025-06-12 05:06:51,キャンメイククリア
2025-06-12 05:06:52,chacott
2025-06-12 05:06:52,ヒロインメイク
2025-06-12 05:06:52,メディア黒
2025-06-12 05:06:52,テスト
2025-06-12 05:06:52,ヒロインメイク（マ・茶）
2025-06-12 05:06:52,キャンメイククリア
2025-06-12 05:06:52,chacott
2025-06-12 05:06:52,ヒロインメイク
2025-06-12 05:06:52,メディア黒
2025-06-12 05:06:52,テスト
2025-06-12 05:06:52,ヒロインメイク（マ・茶）
2025-06-12 05:06:52,キャンメイククリア
2025-06-12 05:06:52,chacott
2025-06-12 05:06:52,ヒロインメイク
2025-06-12 05:06:52,メディア黒
2025-06-12 05:06:52,テスト
2025-06-12 05:06:52,ヒロインメイク（マ・茶）
2025-06-12 05:06:52,キャンメイククリア
2025-06-12 05:06:53,chacott
2025-06-12 05:06:53,ヒロインメイク
2025-06-12 05:06:53,メディア黒
2025-06-12 05:06:53,テスト
2025-06-12 05:06:53,ヒロインメイク（マ・茶）
2025-06-12 05:06:53,キャンメイククリア
2025-06-12 05:06:53,chacott
2025-06-12 05:06:53,ヒロインメイク
2025-06-12 05:06:53,メディア黒
2025-06-12 05:06:53,テスト
2025-06-12 05:06:53,ヒロインメイク（マ・茶）
2025-06-12 05:06:53,キャンメイククリア
2025-06-12 05:06:54,chacott
2025-06-12 05:06:54,ヒロインメイク
2025-06-12 05:06:54,メディア黒
2025-06-12 05:06:54,テスト
2025-06-12 05:06:54,ヒロインメイク（マ・茶）
2025-06-12 05:06:54,キャンメイククリア
2025-06-12 05:06:54,chacott
2025-06-12 05:06:54,ヒロインメイク
2025-06-12 05:06:54,メディア黒
2025-06-12 05:06:54,テスト
2025-06-12 05:06:54,ヒロインメイク（マ・茶）
2025-06-12 05:06:54,キャンメイククリア
2025-06-12 05:06:54,chacott
2025-06-12 05:06:54,ヒロインメイク
2025-06-12 05:06:54,メディア黒
2025-06-12 05:06:54,テスト
2025-06-12 05:06:54,ヒロインメイク（マ・茶）
2025-06-12 05:06:54,キャンメイククリア
2025-06-12 05:06:54,chacott
2025-06-12 05:06:54,ヒロインメイク
2025-06-12 05:06:54,メディア黒
2025-06-12 05:06:54,テスト
2025-06-12 05:06:54,ヒロインメイク（マ・茶）
2025-06-12 05:06:54,キャンメイククリア
2025-06-12 05:06:55,chacott
2025-06-12 05:06:55,ヒロインメイク
2025-06-12 05:06:55,メディア黒
2025-06-12 05:06:55,テスト
2025-06-12 05:06:55,ヒロインメイク（マ・茶）
2025-06-12 05:06:55,キャンメイククリア
2025-06-12 05:06:55,chacott
2025-06-12 05:06:55,ヒロインメイク
2025-06-12 05:06:55,メディア黒
2025-06-12 05:06:55,テスト
2025-06-12 05:06:55,ヒロインメイク（マ・茶）
2025-06-12 05:06:55,キャンメイククリア
2025-06-12 05:06:55,chacott
2025-06-12 05:06:55,ヒロインメイク
2025-06-12 05:06:55,テスト
2025-06-12 05:06:55,ヒロインメイク（マ・茶）
2025-06-12 05:06:55,キャンメイククリア
2025-06-12 05:06:55,chacott
2025-06-12 05:06:55,ヒロインメイク
2025-06-12 05:06:55,テスト
2025-06-12 05:06:55,ヒロインメイク（マ・茶）
2025-06-12 05:06:55,キャンメイククリア
2025-06-12 05:06:55,chacott
2025-06-12 05:06:55,ヒロインメイク
2025-06-12 05:06:55,テスト
2025-06-12 05:06:55,ヒロインメイク（マ・茶）
2025-06-12 05:06:55,キャンメイククリア
2025-06-12 05:06:56,chacott
2025-06-12 05:06:56,ヒロインメイク
2025-06-12 05:06:56,テスト
2025-06-12 05:06:56,ヒロインメイク（マ・茶）
2025-06-12 05:06:56,chacott
2025-06-12 05:06:56,ヒロインメイク
2025-06-12 05:06:56,テスト
2025-06-12 05:06:56,ヒロインメイク（マ・茶）
2025-06-12 05:06:56,chacott
2025-06-12 05:06:56,ヒロインメイク
2025-06-12 05:06:56,テスト
2025-06-12 05:06:56,ヒロインメイク（マ・茶）
2025-06-12 05:06:57,chacott
2025-06-12 05:06:57,ヒロインメイク
2025-06-12 05:06:57,テスト
2025-06-12 05:06:57,ヒロインメイク（マ・茶）
2025-06-12 05:06:57,chacott
2025-06-12 05:06:57,ヒロインメイク
2025-06-12 05:06:57,テスト
2025-06-12 05:06:57,ヒロインメイク（マ・茶）
2025-06-12 05:06:57,chacott
2025-06-12 05:06:57,ヒロインメイク
2025-06-12 05:06:57,テスト
2025-06-12 05:06:57,ヒロインメイク（マ・茶）
2025-06-12 05:06:58,chacott
2025-06-12 05:06:58,ヒロインメイク
2025-06-12 05:06:58,テスト
2025-06-12 05:06:58,ヒロインメイク（マ・茶）
2025-06-12 05:06:58,chacott
2025-06-12 05:06:58,ヒロインメイク
2025-06-12 05:06:58,テスト
2025-06-12 05:06:58,ヒロインメイク（マ・茶）
2025-06-12 05:06:59,chacott
2025-06-12 05:06:59,ヒロインメイク
2025-06-12 05:06:59,テスト
2025-06-12 05:06:59,ヒロインメイク（マ・茶）
2025-06-12 05:06:59,chacott
2025-06-12 05:06:59,ヒロインメイク
2025-06-12 05:06:59,テスト
2025-06-12 05:06:59,ヒロインメイク（マ・茶）
2025-06-12 05:06:59,chacott
2025-06-12 05:06:59,ヒロインメイク
2025-06-12 05:06:59,テスト
2025-06-12 05:06:59,ヒロインメイク（マ・茶）
2025-06-12 05:06:59,chacott
2025-06-12 05:06:59,ヒロインメイク
2025-06-12 05:06:59,テスト
2025-06-12 05:06:59,ヒロインメイク（マ・茶）
2025-06-12 05:07:00,chacott
2025-06-12 05:07:00,ヒロインメイク
2025-06-12 05:07:00,テスト
2025-06-12 05:07:00,ヒロインメイク（マ・茶）
2025-06-12 05:07:00,chacott
2025-06-12 05:07:00,ヒロインメイク
2025-06-12 05:07:00,テスト
2025-06-12 05:07:00,ヒロインメイク（マ・茶）
2025-06-12 05:07:00,chacott
2025-06-12 05:07:00,ヒロインメイク
2025-06-12 05:07:00,テスト
2025-06-12 05:07:00,ヒロインメイク（マ・茶）
2025-06-12 05:07:01,chacott
2025-06-12 05:07:01,ヒロインメイク
2025-06-12 05:07:01,テスト
2025-06-12 05:07:01,ヒロインメイク（マ・茶）
2025-06-12 05:07:01,chacott
2025-06-12 05:07:01,ヒロインメイク
2025-06-12 05:07:01,テスト
2025-06-12 05:07:01,ヒロインメイク（マ・茶）
2025-06-12 05:07:01,chacott
2025-06-12 05:07:01,ヒロインメイク
2025-06-12 05:07:01,テスト
2025-06-12 05:07:01,ヒロインメイク（マ・茶）
2025-06-12 05:07:02,chacott
2025-06-12 05:07:02,ヒロインメイク
2025-06-12 05:07:02,テスト
2025-06-12 05:07:02,ヒロインメイク（マ・茶）
2025-06-12 05:07:02,chacott
2025-06-12 05:07:02,ヒロインメイク
2025-06-12 05:07:02,テスト
2025-06-12 05:07:02,ヒロインメイク（マ・茶）
2025-06-12 05:07:02,chacott
2025-06-12 05:07:02,ヒロインメイク
2025-06-12 05:07:02,テスト
2025-06-12 05:07:02,ヒロインメイク（マ・茶）
2025-06-12 05:07:03,chacott
2025-06-12 05:07:03,ヒロインメイク
2025-06-12 05:07:03,テスト
2025-06-12 05:07:03,ヒロインメイク（マ・茶）
2025-06-12 05:07:03,chacott
2025-06-12 05:07:03,ヒロインメイク
2025-06-12 05:07:03,テスト
2025-06-12 05:07:03,ヒロインメイク（マ・茶）
2025-06-12 05:07:04,chacott
2025-06-12 05:07:04,ヒロインメイク
2025-06-12 05:07:04,テスト
2025-06-12 05:07:04,ヒロインメイク（マ・茶）
2025-06-12 05:07:04,chacott
2025-06-12 05:07:04,ヒロインメイク
2025-06-12 05:07:04,テスト
2025-06-12 05:07:04,ヒロインメイク（マ・茶）
2025-06-12 05:07:04,chacott
2025-06-12 05:07:04,ヒロインメイク
2025-06-12 05:07:04,テスト
2025-06-12 05:07:04,ヒロインメイク（マ・茶）
2025-06-12 05:07:05,chacott
2025-06-12 05:07:05,ヒロインメイク
2025-06-12 05:07:05,テスト
2025-06-12 05:07:05,ヒロインメイク（マ・茶）
2025-06-12 05:07:05,chacott
2025-06-12 05:07:05,ヒロインメイク
2025-06-12 05:07:05,テスト
2025-06-12 05:07:05,chacott
2025-06-12 05:07:05,ヒロインメイク
2025-06-12 05:07:05,テスト
2025-06-12 05:07:05,chacott
2025-06-12 05:07:05,ヒロインメイク
2025-06-12 05:07:05,テスト
2025-06-12 05:07:06,chacott
2025-06-12 05:07:06,ヒロインメイク
2025-06-12 05:07:06,テスト
2025-06-12 05:07:06,chacott
2025-06-12 05:07:06,ヒロインメイク
2025-06-12 05:07:06,テスト
2025-06-12 05:07:07,chacott
2025-06-12 05:07:07,ヒロインメイク
2025-06-12 05:07:07,テスト
2025-06-12 05:07:07,chacott
2025-06-12 05:07:07,ヒロインメイク
2025-06-12 05:07:07,テスト
2025-06-12 05:07:08,chacott
2025-06-12 05:07:08,ヒロインメイク
2025-06-12 05:07:08,テスト
2025-06-12 05:07:08,chacott
2025-06-12 05:07:08,ヒロインメイク
2025-06-12 05:07:08,テスト
2025-06-12 05:07:08,chacott
2025-06-12 05:07:08,ヒロインメイク
2025-06-12 05:07:08,テスト
2025-06-12 05:07:09,chacott
2025-06-12 05:07:09,ヒロインメイク
2025-06-12 05:07:09,テスト
2025-06-12 05:07:09,chacott
2025-06-12 05:07:09,ヒロインメイク
2025-06-12 05:07:09,テスト
2025-06-12 05:07:10,chacott
2025-06-12 05:07:10,ヒロインメイク
2025-06-12 05:07:10,テスト
2025-06-12 05:07:10,chacott
2025-06-12 05:07:10,ヒロインメイク
2025-06-12 05:07:10,テスト
2025-06-12 05:07:10,chacott
2025-06-12 05:07:10,ヒロインメイク
2025-06-12 05:07:10,テスト
2025-06-12 05:07:11,chacott
2025-06-12 05:07:11,ヒロインメイク
2025-06-12 05:07:11,テスト
2025-06-12 05:07:11,chacott
2025-06-12 05:07:11,ヒロインメイク
2025-06-12 05:07:11,テスト
2025-06-12 05:07:12,chacott
2025-06-12 05:07:12,ヒロインメイク
2025-06-12 05:07:12,テスト
2025-06-12 05:07:12,chacott
2025-06-12 05:07:12,ヒロインメイク
2025-06-12 05:07:12,テスト
2025-06-12 05:07:12,chacott
2025-06-12 05:07:12,ヒロインメイク
2025-06-12 05:07:12,テスト
2025-06-12 05:07:13,chacott
2025-06-12 05:07:13,ヒロインメイク
2025-06-12 05:07:13,テスト
2025-06-12 05:07:13,chacott
2025-06-12 05:07:13,ヒロインメイク
2025-06-12 05:07:13,テスト
2025-06-12 05:07:14,chacott
2025-06-12 05:07:14,ヒロインメイク
2025-06-12 05:07:14,テスト
2025-06-12 05:07:14,chacott
2025-06-12 05:07:14,ヒロインメイク
2025-06-12 05:07:14,テスト
2025-06-12 05:07:14,chacott
2025-06-12 05:07:14,ヒロインメイク
2025-06-12 05:07:14,テスト
2025-06-12 05:07:15,chacott
2025-06-12 05:07:15,ヒロインメイク
2025-06-12 05:07:15,テスト
2025-06-12 05:07:15,chacott
2025-06-12 05:07:15,ヒロインメイク
2025-06-12 05:07:15,テスト
2025-06-12 05:07:15,rom&nd03
2025-06-12 05:07:15,chacott
2025-06-12 05:07:15,ヒロインメイク
2025-06-12 05:07:15,メディア黒
2025-06-12 05:07:15,テスト
2025-06-12 05:07:15,rom&nd03
2025-06-12 05:07:16,chacott
2025-06-12 05:07:16,ヒロインメイク
2025-06-12 05:07:16,メディア黒
2025-06-12 05:07:16,テスト
2025-06-12 05:07:16,rom&nd03
2025-06-12 05:07:16,chacott
2025-06-12 05:07:16,ヒロインメイク
2025-06-12 05:07:16,メディア黒
2025-06-12 05:07:16,テスト
2025-06-12 05:07:16,rom&nd03
2025-06-12 05:07:16,chacott
2025-06-12 05:07:16,ヒロインメイク
2025-06-12 05:07:16,メディア黒
2025-06-12 05:07:16,テスト
2025-06-12 05:07:16,rom&nd03
2025-06-12 05:07:17,chacott
2025-06-12 05:07:17,ヒロインメイク
2025-06-12 05:07:17,メディア黒
2025-06-12 05:07:17,テスト
2025-06-12 05:07:17,rom&nd03
2025-06-12 05:07:17,chacott
2025-06-12 05:07:17,ヒロインメイク
2025-06-12 05:07:17,メディア黒
2025-06-12 05:07:17,テスト
2025-06-12 05:07:17,rom&nd03
2025-06-12 05:07:18,chacott
2025-06-12 05:07:18,ヒロインメイク
2025-06-12 05:07:18,メディア黒
2025-06-12 05:07:18,テスト
2025-06-12 05:07:18,rom&nd03
2025-06-12 05:07:19,chacott
2025-06-12 05:07:19,ヒロインメイク
2025-06-12 05:07:19,メディア黒
2025-06-12 05:07:19,テスト
2025-06-12 05:07:19,rom&nd03
